id,person_id,role,zone,timestamp
1,T002,trainer,Workout Zone,2025-10-20T22:27:36
2,T002,trainer,Workout Zone,2025-10-20T22:27:36
3,T001,trainer,Workout Zone,2025-10-20T22:27:36
4,T002,trainer,Workout Zone,2025-10-20T22:27:37
5,T002,trainer,Workout Zone,2025-10-20T22:27:37
6,T001,trainer,Workout Zone,2025-10-20T22:27:37
7,T002,trainer,Workout Zone,2025-10-20T22:27:38
8,T002,trainer,Workout Zone,2025-10-20T22:27:38
9,p002,member,Workout Zone,2025-10-20T22:27:38
10,p002,member,Workout Zone,2025-10-20T22:27:38
11,T001,trainer,Workout Zone,2025-10-20T22:27:39
12,T002,trainer,Workout Zone,2025-10-20T22:27:39
13,T002,trainer,Workout Zone,2025-10-20T22:27:39
14,T002,trainer,Workout Zone,2025-10-20T22:27:40
15,T002,trainer,Workout Zone,2025-10-20T22:27:40
16,p002,member,Workout Zone,2025-10-20T22:27:40
17,T001,trainer,Workout Zone,2025-10-20T22:27:41
18,T002,trainer,Workout Zone,2025-10-20T22:27:41
19,T002,trainer,Workout Zone,2025-10-20T22:27:41
20,p003,member,Workout Zone,2025-10-20T22:27:42
21,p002,member,Workout Zone,2025-10-20T22:27:42
22,T002,trainer,Workout Zone,2025-10-20T22:27:42
23,p003,member,Workout Zone,2025-10-20T22:27:42
24,p002,member,Workout Zone,2025-10-20T22:27:42
25,T002,trainer,Workout Zone,2025-10-20T22:27:43
26,p003,member,Workout Zone,2025-10-20T22:27:43
27,p002,member,Workout Zone,2025-10-20T22:27:43
28,T001,trainer,Workout Zone,2025-10-20T22:27:43
29,p003,member,Workout Zone,2025-10-20T22:27:43
30,p002,member,Workout Zone,2025-10-20T22:27:44
31,p001,member,Workout Zone,2025-10-20T22:27:44
32,p003,member,Workout Zone,2025-10-20T22:27:44
33,p002,member,Workout Zone,2025-10-20T22:27:44
34,p003,member,Workout Zone,2025-10-20T22:27:45
35,p003,member,Workout Zone,2025-10-20T22:27:45
36,p003,member,Workout Zone,2025-10-20T22:27:45
37,p003,member,Workout Zone,2025-10-20T22:27:45
38,p002,member,Workout Zone,2025-10-20T22:27:45
39,p003,member,Workout Zone,2025-10-20T22:27:46
40,p002,member,Workout Zone,2025-10-20T22:27:46
41,p003,member,Workout Zone,2025-10-20T22:27:46
42,p002,member,Workout Zone,2025-10-20T22:27:46
43,p003,member,Workout Zone,2025-10-20T22:27:46
44,p003,member,Workout Zone,2025-10-20T22:27:47
45,p002,member,Workout Zone,2025-10-20T22:27:47
46,p003,member,Workout Zone,2025-10-20T22:27:47
47,p003,member,Workout Zone,2025-10-20T22:27:48
48,p002,member,Workout Zone,2025-10-20T22:27:48
49,p003,member,Workout Zone,2025-10-20T22:27:48
50,p003,member,Workout Zone,2025-10-20T22:27:48
51,p003,member,Workout Zone,2025-10-20T22:27:49
52,p003,member,Workout Zone,2025-10-20T22:27:49
53,p003,member,Workout Zone,2025-10-20T22:27:49
54,p003,member,Workout Zone,2025-10-20T22:27:49
55,p003,member,Workout Zone,2025-10-20T22:27:50
56,p003,member,Workout Zone,2025-10-20T22:27:50
57,p003,member,Workout Zone,2025-10-20T22:27:50
58,p003,member,Workout Zone,2025-10-20T22:27:51
59,p003,member,Workout Zone,2025-10-20T22:27:51
60,p003,member,Workout Zone,2025-10-20T22:27:51
61,p003,member,Workout Zone,2025-10-20T22:27:51
62,p003,member,Workout Zone,2025-10-20T22:27:52
63,p003,member,Workout Zone,2025-10-20T22:27:52
64,p003,member,Workout Zone,2025-10-20T22:27:52
65,p003,member,Workout Zone,2025-10-20T22:27:52
66,p003,member,Workout Zone,2025-10-20T22:27:53
67,p003,member,Workout Zone,2025-10-20T22:27:53
68,p003,member,Workout Zone,2025-10-20T22:27:53
69,p003,member,Workout Zone,2025-10-20T22:27:53
70,p003,member,Workout Zone,2025-10-20T22:27:53
71,p003,member,Workout Zone,2025-10-20T22:27:54
72,p003,member,Workout Zone,2025-10-20T22:27:54
73,p003,member,Workout Zone,2025-10-20T22:27:54
74,p003,member,Workout Zone,2025-10-20T22:27:54
75,p003,member,Workout Zone,2025-10-20T22:27:55
76,p003,member,Workout Zone,2025-10-20T22:27:55
77,p003,member,Workout Zone,2025-10-20T22:27:55
78,p003,member,Workout Zone,2025-10-20T22:27:55
79,p003,member,Workout Zone,2025-10-20T22:27:56
80,p003,member,Workout Zone,2025-10-20T22:27:56
81,p003,member,Workout Zone,2025-10-20T22:27:56
82,p003,member,Workout Zone,2025-10-20T22:27:56
83,p003,member,Workout Zone,2025-10-20T22:27:57
84,p003,member,Workout Zone,2025-10-20T22:27:57
85,p003,member,Workout Zone,2025-10-20T22:27:58
86,p003,member,Workout Zone,2025-10-20T22:27:58
87,p003,member,Workout Zone,2025-10-20T22:27:58
88,p003,member,Workout Zone,2025-10-20T22:27:58
89,p003,member,Workout Zone,2025-10-20T22:27:59
90,p001,member,Workout Zone,2025-10-20T22:27:59
91,p003,member,Workout Zone,2025-10-20T22:27:59
92,p003,member,Workout Zone,2025-10-20T22:27:59
93,p003,member,Workout Zone,2025-10-20T22:28:00
94,p001,member,Workout Zone,2025-10-20T22:28:00
95,T002,trainer,Workout Zone,2025-10-20T22:29:45
96,T002,trainer,Workout Zone,2025-10-20T22:29:46
97,T001,trainer,Workout Zone,2025-10-20T22:29:46
98,T002,trainer,Workout Zone,2025-10-20T22:29:47
99,T002,trainer,Workout Zone,2025-10-20T22:29:47
100,T001,trainer,Workout Zone,2025-10-20T22:29:47
101,T002,trainer,Workout Zone,2025-10-20T22:29:48
102,T002,trainer,Workout Zone,2025-10-20T22:29:48
103,p002,member,Workout Zone,2025-10-20T22:29:49
104,p002,member,Workout Zone,2025-10-20T22:29:49
105,T001,trainer,Workout Zone,2025-10-20T22:29:49
106,T002,trainer,Workout Zone,2025-10-20T22:29:50
107,T002,trainer,Workout Zone,2025-10-20T22:29:50
108,T002,trainer,Workout Zone,2025-10-20T22:29:51
109,T002,trainer,Workout Zone,2025-10-20T22:29:51
110,p002,member,Workout Zone,2025-10-20T22:29:52
111,T001,trainer,Workout Zone,2025-10-20T22:29:52
112,T002,trainer,Workout Zone,2025-10-20T22:29:52
113,T002,trainer,Workout Zone,2025-10-20T22:29:53
114,p003,member,Workout Zone,2025-10-20T22:29:53
115,p002,member,Workout Zone,2025-10-20T22:29:54
116,T002,trainer,Workout Zone,2025-10-20T22:29:54
117,p003,member,Workout Zone,2025-10-20T22:29:55
118,p002,member,Workout Zone,2025-10-20T22:29:55
119,T002,trainer,Workout Zone,2025-10-20T22:29:56
120,p003,member,Workout Zone,2025-10-20T22:29:56
121,p002,member,Workout Zone,2025-10-20T22:29:57
122,T001,trainer,Workout Zone,2025-10-20T22:29:57
123,p003,member,Workout Zone,2025-10-20T22:29:57
124,p002,member,Workout Zone,2025-10-20T22:29:58
125,p001,member,Workout Zone,2025-10-20T22:29:58
126,p003,member,Workout Zone,2025-10-20T22:29:58
127,p002,member,Workout Zone,2025-10-20T22:29:59
128,p003,member,Workout Zone,2025-10-20T22:29:59
129,p003,member,Workout Zone,2025-10-20T22:30:00
130,p003,member,Workout Zone,2025-10-20T22:30:00
131,p003,member,Workout Zone,2025-10-20T22:30:00
132,p002,member,Workout Zone,2025-10-20T22:30:01
133,p003,member,Workout Zone,2025-10-20T22:30:02
134,p002,member,Workout Zone,2025-10-20T22:30:02
135,p003,member,Workout Zone,2025-10-20T22:30:02
136,p002,member,Workout Zone,2025-10-20T22:30:03
137,p003,member,Workout Zone,2025-10-20T22:30:03
138,p003,member,Workout Zone,2025-10-20T22:30:04
139,p002,member,Workout Zone,2025-10-20T22:30:05
140,p003,member,Workout Zone,2025-10-20T22:30:05
141,p003,member,Workout Zone,2025-10-20T22:30:07
142,p002,member,Workout Zone,2025-10-20T22:30:07
143,p003,member,Workout Zone,2025-10-20T22:30:08
144,p003,member,Workout Zone,2025-10-20T22:30:08
145,p003,member,Workout Zone,2025-10-20T22:30:09
146,p003,member,Workout Zone,2025-10-20T22:30:09
147,p003,member,Workout Zone,2025-10-20T22:30:10
148,p003,member,Workout Zone,2025-10-20T22:30:10
149,p003,member,Workout Zone,2025-10-20T22:30:11
150,p003,member,Workout Zone,2025-10-20T22:30:11
151,p003,member,Workout Zone,2025-10-20T22:30:12
152,p003,member,Workout Zone,2025-10-20T22:30:12
153,p003,member,Workout Zone,2025-10-20T22:30:13
154,p003,member,Workout Zone,2025-10-20T22:30:13
155,p003,member,Workout Zone,2025-10-20T22:30:14
156,p003,member,Workout Zone,2025-10-20T22:30:14
157,p003,member,Workout Zone,2025-10-20T22:30:15
158,p003,member,Workout Zone,2025-10-20T22:30:15
159,p003,member,Workout Zone,2025-10-20T22:30:16
160,p003,member,Workout Zone,2025-10-20T22:30:16
161,p003,member,Workout Zone,2025-10-20T22:30:17
162,p003,member,Workout Zone,2025-10-20T22:30:17
163,p003,member,Workout Zone,2025-10-20T22:30:18
164,p003,member,Workout Zone,2025-10-20T22:30:18
165,p003,member,Workout Zone,2025-10-20T22:30:19
166,p003,member,Workout Zone,2025-10-20T22:30:19
167,p003,member,Workout Zone,2025-10-20T22:30:20
168,p003,member,Workout Zone,2025-10-20T22:30:20
169,p003,member,Workout Zone,2025-10-20T22:30:21
170,p003,member,Workout Zone,2025-10-20T22:30:21
171,p003,member,Workout Zone,2025-10-20T22:30:22
172,p003,member,Workout Zone,2025-10-20T22:30:22
173,p003,member,Workout Zone,2025-10-20T22:30:22
174,p003,member,Workout Zone,2025-10-20T22:30:23
175,p003,member,Workout Zone,2025-10-20T22:30:23
176,p003,member,Workout Zone,2025-10-20T22:30:24
177,p003,member,Workout Zone,2025-10-20T22:30:24
178,p003,member,Workout Zone,2025-10-20T22:30:26
179,p003,member,Workout Zone,2025-10-20T22:30:27
180,p003,member,Workout Zone,2025-10-20T22:30:27
181,p003,member,Workout Zone,2025-10-20T22:30:28
182,p003,member,Workout Zone,2025-10-20T22:30:28
183,p003,member,Workout Zone,2025-10-20T22:30:29
184,p001,member,Workout Zone,2025-10-20T22:30:29
185,p003,member,Workout Zone,2025-10-20T22:30:30
186,p003,member,Workout Zone,2025-10-20T22:30:30
187,p003,member,Workout Zone,2025-10-20T22:30:31
188,p001,member,Workout Zone,2025-10-20T22:30:31
189,T002,trainer,Workout Zone,2025-10-20T22:53:49
190,T002,trainer,Workout Zone,2025-10-20T22:53:49
191,T001,trainer,Workout Zone,2025-10-20T22:53:49
192,T002,trainer,Workout Zone,2025-10-20T22:53:49
193,T002,trainer,Workout Zone,2025-10-20T22:53:50
194,T001,trainer,Workout Zone,2025-10-20T22:53:50
195,T002,trainer,Workout Zone,2025-10-20T22:53:50
196,T002,trainer,Workout Zone,2025-10-20T22:53:50
197,p002,member,Workout Zone,2025-10-20T22:53:50
198,p002,member,Workout Zone,2025-10-20T22:53:51
199,T001,trainer,Workout Zone,2025-10-20T22:53:51
200,T002,trainer,Workout Zone,2025-10-20T22:53:51
201,T002,trainer,Workout Zone,2025-10-20T22:53:52
202,T002,trainer,Workout Zone,2025-10-20T22:53:52
203,T002,trainer,Workout Zone,2025-10-20T22:53:52
204,p002,member,Workout Zone,2025-10-20T22:53:52
205,T001,trainer,Workout Zone,2025-10-20T22:53:53
206,T002,trainer,Workout Zone,2025-10-20T22:53:53
207,T002,trainer,Workout Zone,2025-10-20T22:53:53
208,p003,member,Workout Zone,2025-10-20T22:53:53
209,p002,member,Workout Zone,2025-10-20T22:53:53
210,T002,trainer,Workout Zone,2025-10-20T22:53:54
211,p003,member,Workout Zone,2025-10-20T22:53:54
212,p002,member,Workout Zone,2025-10-20T22:53:54
213,T002,trainer,Workout Zone,2025-10-20T22:53:54
214,p003,member,Workout Zone,2025-10-20T22:53:55
215,p002,member,Workout Zone,2025-10-20T22:53:55
216,T001,trainer,Workout Zone,2025-10-20T22:53:55
217,p003,member,Workout Zone,2025-10-20T22:53:55
218,p002,member,Workout Zone,2025-10-20T22:53:55
219,p001,member,Workout Zone,2025-10-20T22:53:56
220,p003,member,Workout Zone,2025-10-20T22:53:56
221,p002,member,Workout Zone,2025-10-20T22:53:56
222,p003,member,Workout Zone,2025-10-20T22:53:56
223,p003,member,Workout Zone,2025-10-20T22:53:56
224,p003,member,Workout Zone,2025-10-20T22:53:57
225,p003,member,Workout Zone,2025-10-20T22:53:57
226,p002,member,Workout Zone,2025-10-20T22:53:57
227,p003,member,Workout Zone,2025-10-20T22:53:57
228,p002,member,Workout Zone,2025-10-20T22:53:58
229,p003,member,Workout Zone,2025-10-20T22:53:58
230,p002,member,Workout Zone,2025-10-20T22:53:58
231,p003,member,Workout Zone,2025-10-20T22:53:58
232,p003,member,Workout Zone,2025-10-20T22:53:59
233,p002,member,Workout Zone,2025-10-20T22:53:59
234,p003,member,Workout Zone,2025-10-20T22:53:59
235,p003,member,Workout Zone,2025-10-20T22:54:00
236,p002,member,Workout Zone,2025-10-20T22:54:00
237,p003,member,Workout Zone,2025-10-20T22:54:01
238,p003,member,Workout Zone,2025-10-20T22:54:01
239,p003,member,Workout Zone,2025-10-20T22:54:01
240,p003,member,Workout Zone,2025-10-20T22:54:01
241,p003,member,Workout Zone,2025-10-20T22:54:02
242,p003,member,Workout Zone,2025-10-20T22:54:02
243,p003,member,Workout Zone,2025-10-20T22:54:02
244,p003,member,Workout Zone,2025-10-20T22:54:03
245,p003,member,Workout Zone,2025-10-20T22:54:03
246,p003,member,Workout Zone,2025-10-20T22:54:03
247,p003,member,Workout Zone,2025-10-20T22:54:03
248,p003,member,Workout Zone,2025-10-20T22:54:04
249,p003,member,Workout Zone,2025-10-20T22:54:04
250,p003,member,Workout Zone,2025-10-20T22:54:04
251,p003,member,Workout Zone,2025-10-20T22:54:04
252,p003,member,Workout Zone,2025-10-20T22:54:05
253,p003,member,Workout Zone,2025-10-20T22:54:05
254,p003,member,Workout Zone,2025-10-20T22:54:05
255,p003,member,Workout Zone,2025-10-20T22:54:05
256,p003,member,Workout Zone,2025-10-20T22:54:06
257,p003,member,Workout Zone,2025-10-20T22:54:06
258,p003,member,Workout Zone,2025-10-20T22:54:06
259,p003,member,Workout Zone,2025-10-20T22:54:06
260,p003,member,Workout Zone,2025-10-20T22:54:07
261,p003,member,Workout Zone,2025-10-20T22:54:07
262,p003,member,Workout Zone,2025-10-20T22:54:07
263,p003,member,Workout Zone,2025-10-20T22:54:07
264,p003,member,Workout Zone,2025-10-20T22:54:08
265,p003,member,Workout Zone,2025-10-20T22:54:08
266,p003,member,Workout Zone,2025-10-20T22:54:08
267,p003,member,Workout Zone,2025-10-20T22:54:08
268,p003,member,Workout Zone,2025-10-20T22:54:09
269,p003,member,Workout Zone,2025-10-20T22:54:09
270,p003,member,Workout Zone,2025-10-20T22:54:09
271,p003,member,Workout Zone,2025-10-20T22:54:10
272,p003,member,Workout Zone,2025-10-20T22:54:10
273,p003,member,Workout Zone,2025-10-20T22:54:11
274,p003,member,Workout Zone,2025-10-20T22:54:11
275,p003,member,Workout Zone,2025-10-20T22:54:11
276,p003,member,Workout Zone,2025-10-20T22:54:12
277,p003,member,Workout Zone,2025-10-20T22:54:12
278,p001,member,Workout Zone,2025-10-20T22:54:12
279,p003,member,Workout Zone,2025-10-20T22:54:13
280,p003,member,Workout Zone,2025-10-20T22:54:13
281,p003,member,Workout Zone,2025-10-20T22:54:14
282,p001,member,Workout Zone,2025-10-20T22:54:14
283,T002,trainer,Workout Zone,2025-10-21T08:11:15
284,T002,trainer,Workout Zone,2025-10-21T08:11:16
285,T001,trainer,Workout Zone,2025-10-21T08:11:18
286,T002,trainer,Workout Zone,2025-10-21T08:11:19
287,T002,trainer,Workout Zone,2025-10-21T08:11:21
288,T001,trainer,Workout Zone,2025-10-21T08:11:21
289,T002,trainer,Workout Zone,2025-10-21T08:11:24
290,T002,trainer,Workout Zone,2025-10-21T08:11:27
291,p002,member,Workout Zone,2025-10-21T08:11:31
292,p002,member,Workout Zone,2025-10-21T08:11:32
293,T001,trainer,Workout Zone,2025-10-21T08:11:33
294,T002,trainer,Workout Zone,2025-10-21T08:11:34
295,T002,trainer,Workout Zone,2025-10-21T08:11:35
296,T002,trainer,Workout Zone,2025-10-21T08:11:37
297,T002,trainer,Workout Zone,2025-10-21T08:11:38
298,p002,member,Workout Zone,2025-10-21T08:11:40
299,T001,trainer,Workout Zone,2025-10-21T08:11:41
300,T002,trainer,Workout Zone,2025-10-21T08:11:42
301,T002,trainer,Workout Zone,2025-10-21T08:11:43
302,p003,member,Workout Zone,2025-10-21T08:11:43
303,p002,member,Workout Zone,2025-10-21T08:11:44
304,T002,trainer,Workout Zone,2025-10-21T08:11:45
305,p003,member,Workout Zone,2025-10-21T08:11:45
306,p002,member,Workout Zone,2025-10-21T08:11:46
307,T002,trainer,Workout Zone,2025-10-21T08:11:46
308,p003,member,Workout Zone,2025-10-21T08:11:47
309,p002,member,Workout Zone,2025-10-21T08:11:48
310,T001,trainer,Workout Zone,2025-10-21T08:11:49
311,p003,member,Workout Zone,2025-10-21T08:11:49
312,p002,member,Workout Zone,2025-10-21T08:11:50
313,p001,member,Workout Zone,2025-10-21T08:11:51
314,p003,member,Workout Zone,2025-10-21T08:11:52
315,p002,member,Workout Zone,2025-10-21T08:11:53
316,p003,member,Workout Zone,2025-10-21T08:11:54
317,p003,member,Workout Zone,2025-10-21T08:11:54
318,p003,member,Workout Zone,2025-10-21T08:11:56
319,p003,member,Workout Zone,2025-10-21T08:12:08
320,p002,member,Workout Zone,2025-10-21T08:12:10
321,p003,member,Workout Zone,2025-10-21T08:12:11
322,p002,member,Workout Zone,2025-10-21T08:12:12
323,p003,member,Workout Zone,2025-10-21T08:12:13
324,p002,member,Workout Zone,2025-10-21T08:12:16
325,p003,member,Workout Zone,2025-10-21T08:12:17
326,p003,member,Workout Zone,2025-10-21T08:12:18
327,p002,member,Workout Zone,2025-10-21T08:12:18
328,p003,member,Workout Zone,2025-10-21T08:12:20
329,p003,member,Workout Zone,2025-10-21T08:12:30
330,p002,member,Workout Zone,2025-10-21T08:12:31
331,p003,member,Workout Zone,2025-10-21T08:12:35
332,p003,member,Workout Zone,2025-10-21T08:12:46
333,p003,member,Workout Zone,2025-10-21T08:12:48
334,p003,member,Workout Zone,2025-10-21T08:12:51
335,p003,member,Workout Zone,2025-10-21T08:12:54
336,p003,member,Workout Zone,2025-10-21T08:12:56
337,p003,member,Workout Zone,2025-10-21T08:12:58
338,p003,member,Workout Zone,2025-10-21T08:13:00
339,p003,member,Workout Zone,2025-10-21T08:13:03
340,p003,member,Workout Zone,2025-10-21T08:13:07
341,p003,member,Workout Zone,2025-10-21T08:13:08
342,p003,member,Workout Zone,2025-10-21T08:13:09
343,p003,member,Workout Zone,2025-10-21T08:13:09
344,p003,member,Workout Zone,2025-10-21T08:13:10
345,p003,member,Workout Zone,2025-10-21T08:13:11
346,p003,member,Workout Zone,2025-10-21T08:13:11
347,p003,member,Workout Zone,2025-10-21T08:13:12
348,p003,member,Workout Zone,2025-10-21T08:13:13
349,p003,member,Workout Zone,2025-10-21T08:13:13
350,p003,member,Workout Zone,2025-10-21T08:13:14
351,p003,member,Workout Zone,2025-10-21T08:13:15
352,p003,member,Workout Zone,2025-10-21T08:13:18
353,p003,member,Workout Zone,2025-10-21T08:13:23
354,p003,member,Workout Zone,2025-10-21T08:13:23
355,p003,member,Workout Zone,2025-10-21T08:13:24
356,p003,member,Workout Zone,2025-10-21T08:13:25
357,p003,member,Workout Zone,2025-10-21T08:13:26
358,p003,member,Workout Zone,2025-10-21T08:13:27
359,p003,member,Workout Zone,2025-10-21T08:13:28
360,p003,member,Workout Zone,2025-10-21T08:13:29
361,p003,member,Workout Zone,2025-10-21T08:13:30
362,p003,member,Workout Zone,2025-10-21T08:13:31
363,p003,member,Workout Zone,2025-10-21T08:13:33
364,p003,member,Workout Zone,2025-10-21T08:13:34
365,p003,member,Workout Zone,2025-10-21T08:13:35
366,p003,member,Workout Zone,2025-10-21T08:13:37
367,p003,member,Workout Zone,2025-10-21T08:13:37
368,p003,member,Workout Zone,2025-10-21T08:22:12
369,p003,member,Workout Zone,2025-10-21T08:22:18
370,T002,trainer,Workout Zone,2025-10-21T09:35:05
371,T002,trainer,Workout Zone,2025-10-21T09:35:06
372,T001,trainer,Workout Zone,2025-10-21T09:35:06
373,T002,trainer,Workout Zone,2025-10-21T09:35:07
374,T002,trainer,Workout Zone,2025-10-21T09:35:08
375,T001,trainer,Workout Zone,2025-10-21T09:35:09
376,T002,trainer,Workout Zone,2025-10-21T09:35:10
377,T002,trainer,Workout Zone,2025-10-21T09:35:10
378,p002,member,Workout Zone,2025-10-21T09:35:11
379,p002,member,Workout Zone,2025-10-21T09:35:12
380,T001,trainer,Workout Zone,2025-10-21T09:35:15
381,T002,trainer,Workout Zone,2025-10-21T09:35:16
382,T002,trainer,Workout Zone,2025-10-21T09:35:17
383,T002,trainer,Workout Zone,2025-10-21T09:35:18
384,T002,trainer,Workout Zone,2025-10-21T09:35:19
385,p002,member,Workout Zone,2025-10-21T09:35:20
386,T001,trainer,Workout Zone,2025-10-21T09:35:20
387,T002,trainer,Workout Zone,2025-10-21T09:35:21
388,T002,trainer,Workout Zone,2025-10-21T09:35:22
389,p003,member,Workout Zone,2025-10-21T09:35:22
390,p002,member,Workout Zone,2025-10-21T09:35:23
391,T002,trainer,Workout Zone,2025-10-21T09:35:25
392,p003,member,Workout Zone,2025-10-21T09:35:26
393,p002,member,Workout Zone,2025-10-21T09:35:27
394,T002,trainer,Workout Zone,2025-10-21T09:35:28
395,p003,member,Workout Zone,2025-10-21T09:35:28
396,p002,member,Workout Zone,2025-10-21T09:35:29
397,T001,trainer,Workout Zone,2025-10-21T09:35:29
398,p003,member,Workout Zone,2025-10-21T09:35:30
399,p002,member,Workout Zone,2025-10-21T09:35:30
400,p001,member,Workout Zone,2025-10-21T09:35:31
401,p003,member,Workout Zone,2025-10-21T09:35:31
402,p002,member,Workout Zone,2025-10-21T09:35:32
403,p003,member,Workout Zone,2025-10-21T09:35:32
404,p003,member,Workout Zone,2025-10-21T09:35:32
405,p003,member,Workout Zone,2025-10-21T09:35:33
406,p003,member,Workout Zone,2025-10-21T09:35:33
407,p002,member,Workout Zone,2025-10-21T09:35:34
408,p003,member,Workout Zone,2025-10-21T09:35:34
409,p002,member,Workout Zone,2025-10-21T09:35:35
410,p003,member,Workout Zone,2025-10-21T09:35:35
411,p002,member,Workout Zone,2025-10-21T09:35:36
412,p003,member,Workout Zone,2025-10-21T09:35:36
413,p003,member,Workout Zone,2025-10-21T09:35:37
414,p002,member,Workout Zone,2025-10-21T09:35:37
415,p003,member,Workout Zone,2025-10-21T09:35:38
416,p003,member,Workout Zone,2025-10-21T09:35:39
417,p002,member,Workout Zone,2025-10-21T09:35:40
418,p003,member,Workout Zone,2025-10-21T09:35:40
419,p003,member,Workout Zone,2025-10-21T09:35:41
420,p003,member,Workout Zone,2025-10-21T09:35:42
421,p003,member,Workout Zone,2025-10-21T09:35:42
422,p003,member,Workout Zone,2025-10-21T09:35:43
423,p003,member,Workout Zone,2025-10-21T09:35:44
424,p003,member,Workout Zone,2025-10-21T09:35:46
425,p003,member,Workout Zone,2025-10-21T09:35:48
426,p003,member,Workout Zone,2025-10-21T09:35:50
427,p003,member,Workout Zone,2025-10-21T09:35:50
428,p003,member,Workout Zone,2025-10-21T09:35:51
429,p003,member,Workout Zone,2025-10-21T09:35:52
430,p003,member,Workout Zone,2025-10-21T09:35:53
431,p003,member,Workout Zone,2025-10-21T09:35:55
432,p003,member,Workout Zone,2025-10-21T09:35:55
433,p003,member,Workout Zone,2025-10-21T09:35:57
434,p003,member,Workout Zone,2025-10-21T09:35:58
435,p003,member,Workout Zone,2025-10-21T09:35:59
436,p003,member,Workout Zone,2025-10-21T09:36:00
437,p003,member,Workout Zone,2025-10-21T09:36:01
438,p003,member,Workout Zone,2025-10-21T09:36:02
439,p003,member,Workout Zone,2025-10-21T09:36:02
440,p003,member,Workout Zone,2025-10-21T09:36:03
441,p003,member,Workout Zone,2025-10-21T09:36:03
442,p003,member,Workout Zone,2025-10-21T09:36:03
443,p003,member,Workout Zone,2025-10-21T09:36:04
444,p003,member,Workout Zone,2025-10-21T09:36:04
445,p003,member,Workout Zone,2025-10-21T09:36:04
446,p003,member,Workout Zone,2025-10-21T09:36:04
447,p003,member,Workout Zone,2025-10-21T09:36:05
448,p003,member,Workout Zone,2025-10-21T09:36:05
449,p003,member,Workout Zone,2025-10-21T09:36:06
450,p003,member,Workout Zone,2025-10-21T09:36:06
451,p003,member,Workout Zone,2025-10-21T09:36:07
452,p003,member,Workout Zone,2025-10-21T09:36:07
453,p003,member,Workout Zone,2025-10-21T09:36:08
454,p003,member,Workout Zone,2025-10-21T09:36:08
455,p003,member,Workout Zone,2025-10-21T09:36:09
456,p003,member,Workout Zone,2025-10-21T09:36:09
457,p003,member,Workout Zone,2025-10-21T09:36:10
458,p003,member,Workout Zone,2025-10-21T09:36:10
459,p001,member,Workout Zone,2025-10-21T09:36:10
460,p003,member,Workout Zone,2025-10-21T09:36:11
461,p003,member,Workout Zone,2025-10-21T09:36:12
462,p003,member,Workout Zone,2025-10-21T09:36:13
463,p001,member,Workout Zone,2025-10-21T09:36:14
