id,trainer_id,member_id,violation_type,zone,timestamp,evidence_path
1,T001,p002,Unauthorized Activity,Workout Zone,2025-10-20T22:27:39,
2,T001,p002,Unauthorized Activity,Workout Zone,2025-10-20T22:27:41,
3,T002,p002,Unauthorized Activity,Workout Zone,2025-10-20T22:27:41,
4,T002,p003,Unauthorized Activity,Workout Zone,2025-10-20T22:27:42,
5,T002,p002,Unauthorized Activity,Workout Zone,2025-10-20T22:27:42,
6,T002,p003,Unauthorized Activity,Workout Zone,2025-10-20T22:27:42,
7,T002,p002,Unauthorized Activity,Workout Zone,2025-10-20T22:27:43,
8,T002,p003,Unauthorized Activity,Workout Zone,2025-10-20T22:27:43,
9,T001,p002,Unauthorized Activity,Workout Zone,2025-10-20T22:27:43,
10,T001,p003,Unauthorized Activity,Workout Zone,2025-10-20T22:27:43,
11,T001,p002,Unauthorized Activity,Workout Zone,2025-10-20T22:29:49,
12,T001,p002,Unauthorized Activity,Workout Zone,2025-10-20T22:29:52,
13,T002,p002,Unauthorized Activity,Workout Zone,2025-10-20T22:29:52,
14,T002,p003,Unauthorized Activity,Workout Zone,2025-10-20T22:29:53,
15,T002,p002,Unauthorized Activity,Workout Zone,2025-10-20T22:29:55,
16,T002,p003,Unauthorized Activity,Workout Zone,2025-10-20T22:29:55,
17,T002,p002,Unauthorized Activity,Workout Zone,2025-10-20T22:29:56,
18,T002,p003,Unauthorized Activity,Workout Zone,2025-10-20T22:29:56,
19,T001,p002,Unauthorized Activity,Workout Zone,2025-10-20T22:29:57,
20,T001,p003,Unauthorized Activity,Workout Zone,2025-10-20T22:29:57,
21,T001,p002,Unauthorized Activity,Workout Zone,2025-10-20T22:53:51,
22,T001,p002,Unauthorized Activity,Workout Zone,2025-10-20T22:53:53,
23,T002,p002,Unauthorized Activity,Workout Zone,2025-10-20T22:53:53,
24,T002,p003,Unauthorized Activity,Workout Zone,2025-10-20T22:53:53,
25,T002,p002,Unauthorized Activity,Workout Zone,2025-10-20T22:53:54,
26,T002,p003,Unauthorized Activity,Workout Zone,2025-10-20T22:53:54,
27,T002,p002,Unauthorized Activity,Workout Zone,2025-10-20T22:53:55,
28,T002,p003,Unauthorized Activity,Workout Zone,2025-10-20T22:53:55,
29,T001,p002,Unauthorized Activity,Workout Zone,2025-10-20T22:53:55,
30,T001,p003,Unauthorized Activity,Workout Zone,2025-10-20T22:53:55,
31,T001,p002,Unauthorized Activity,Workout Zone,2025-10-21T08:11:33,
32,T001,p002,Unauthorized Activity,Workout Zone,2025-10-21T08:11:42,
33,T002,p002,Unauthorized Activity,Workout Zone,2025-10-21T08:11:42,
34,T002,p003,Unauthorized Activity,Workout Zone,2025-10-21T08:11:43,
35,T002,p002,Unauthorized Activity,Workout Zone,2025-10-21T08:11:45,
36,T002,p003,Unauthorized Activity,Workout Zone,2025-10-21T08:11:45,
37,T002,p002,Unauthorized Activity,Workout Zone,2025-10-21T08:11:47,
38,T002,p003,Unauthorized Activity,Workout Zone,2025-10-21T08:11:47,
39,T001,p002,Unauthorized Activity,Workout Zone,2025-10-21T08:11:49,
40,T001,p003,Unauthorized Activity,Workout Zone,2025-10-21T08:11:49,
41,T001,p002,Unauthorized Activity,Workout Zone,2025-10-21T09:35:15,
42,T001,p002,Unauthorized Activity,Workout Zone,2025-10-21T09:35:21,
43,T002,p002,Unauthorized Activity,Workout Zone,2025-10-21T09:35:21,
44,T002,p003,Unauthorized Activity,Workout Zone,2025-10-21T09:35:22,
45,T002,p002,Unauthorized Activity,Workout Zone,2025-10-21T09:35:26,
46,T002,p003,Unauthorized Activity,Workout Zone,2025-10-21T09:35:26,
47,T002,p002,Unauthorized Activity,Workout Zone,2025-10-21T09:35:28,
48,T002,p003,Unauthorized Activity,Workout Zone,2025-10-21T09:35:28,
49,T001,p002,Unauthorized Activity,Workout Zone,2025-10-21T09:35:30,
50,T001,p003,Unauthorized Activity,Workout Zone,2025-10-21T09:35:30,
