record_id,person_id,role,zone,timestamp
1,T001,trainer,Weight Zone,2025-10-16T11:49:49
3,T002,trainer,Cardio Zone,2025-10-16T11:49:49
5,T002,trainer,Cardio Zone,2025-10-16T11:49:49
7,T001,trainer,Weight Zone,2025-10-17T14:08:20
9,T002,trainer,Cardio Zone,2025-10-17T14:08:20
11,T002,trainer,Cardio Zone,2025-10-17T14:08:20
35,T001,trainer,Workout Zone,2025-10-20T17:32:36
36,T001,trainer,Workout Zone,2025-10-20T17:32:36
37,T001,trainer,Workout Zone,2025-10-20T17:32:36
38,T001,trainer,Workout Zone,2025-10-20T17:32:37
39,T001,trainer,Workout Zone,2025-10-20T17:32:37
40,T001,trainer,Workout Zone,2025-10-20T17:32:37
41,T001,trainer,Workout Zone,2025-10-20T17:32:38
42,T001,trainer,Workout Zone,2025-10-20T17:32:38
43,T001,trainer,Workout Zone,2025-10-20T17:32:38
85,T001,trainer,Workout Zone,2025-10-20T17:39:23
86,T001,trainer,Workout Zone,2025-10-20T17:39:24
87,T001,trainer,Workout Zone,2025-10-20T17:39:24
88,T001,trainer,Workout Zone,2025-10-20T17:39:25
89,T001,trainer,Workout Zone,2025-10-20T17:39:25
90,T001,trainer,Workout Zone,2025-10-20T17:39:25
91,T001,trainer,Workout Zone,2025-10-20T17:39:26
92,T001,trainer,Workout Zone,2025-10-20T17:39:26
93,T001,trainer,Workout Zone,2025-10-20T17:39:26
113,T002,trainer,Workout Zone,2025-10-20T17:51:09
114,T002,trainer,Workout Zone,2025-10-20T17:51:10
115,T002,trainer,Workout Zone,2025-10-20T17:51:13
117,T002,trainer,Workout Zone,2025-10-20T17:51:15
119,T002,trainer,Workout Zone,2025-10-20T17:51:16
121,T002,trainer,Workout Zone,2025-10-20T17:51:17
123,T002,trainer,Workout Zone,2025-10-20T17:51:19
124,T001,trainer,Workout Zone,2025-10-20T17:51:19
126,T002,trainer,Workout Zone,2025-10-20T17:51:20
131,T002,trainer,Workout Zone,2025-10-20T17:51:22
133,T002,trainer,Workout Zone,2025-10-20T17:51:23
135,T002,trainer,Workout Zone,2025-10-20T17:51:23
138,T002,trainer,Workout Zone,2025-10-20T17:51:25
141,T002,trainer,Workout Zone,2025-10-20T17:51:27
183,T001,trainer,Workout Zone,2025-10-20T17:51:48
187,T001,trainer,Workout Zone,2025-10-20T17:51:49
188,T002,trainer,Workout Zone,2025-10-20T17:58:10
189,T002,trainer,Workout Zone,2025-10-20T17:58:11
190,T002,trainer,Workout Zone,2025-10-20T17:58:14
192,T002,trainer,Workout Zone,2025-10-20T17:58:16
194,T002,trainer,Workout Zone,2025-10-20T17:58:17
196,T002,trainer,Workout Zone,2025-10-20T17:58:18
198,T002,trainer,Workout Zone,2025-10-20T17:58:19
199,T001,trainer,Workout Zone,2025-10-20T17:58:20
201,T002,trainer,Workout Zone,2025-10-20T17:58:20
206,T002,trainer,Workout Zone,2025-10-20T17:58:23
208,T002,trainer,Workout Zone,2025-10-20T17:58:23
210,T002,trainer,Workout Zone,2025-10-20T17:58:24
213,T002,trainer,Workout Zone,2025-10-20T17:58:25
216,T002,trainer,Workout Zone,2025-10-20T17:58:28
258,T001,trainer,Workout Zone,2025-10-20T17:58:49
262,T001,trainer,Workout Zone,2025-10-20T17:58:51
263,T002,trainer,Workout Zone,2025-10-20T18:03:52
264,T002,trainer,Workout Zone,2025-10-20T18:03:52
265,T002,trainer,Workout Zone,2025-10-20T18:03:53
267,T002,trainer,Workout Zone,2025-10-20T18:03:54
269,T002,trainer,Workout Zone,2025-10-20T18:03:55
271,T002,trainer,Workout Zone,2025-10-20T18:03:55
273,T002,trainer,Workout Zone,2025-10-20T18:03:56
274,T001,trainer,Workout Zone,2025-10-20T18:03:56
276,T002,trainer,Workout Zone,2025-10-20T18:03:56
281,T002,trainer,Workout Zone,2025-10-20T18:03:57
283,T002,trainer,Workout Zone,2025-10-20T18:03:58
285,T002,trainer,Workout Zone,2025-10-20T18:03:58
288,T002,trainer,Workout Zone,2025-10-20T18:03:59
291,T002,trainer,Workout Zone,2025-10-20T18:04:00
333,T001,trainer,Workout Zone,2025-10-20T18:04:10
337,T001,trainer,Workout Zone,2025-10-20T18:04:11
338,T002,trainer,Workout Zone,2025-10-20T18:09:49
339,T002,trainer,Workout Zone,2025-10-20T18:09:49
340,T002,trainer,Workout Zone,2025-10-20T18:09:51
342,T002,trainer,Workout Zone,2025-10-20T18:09:52
344,T002,trainer,Workout Zone,2025-10-20T18:09:52
346,T002,trainer,Workout Zone,2025-10-20T18:09:53
348,T002,trainer,Workout Zone,2025-10-20T18:09:53
349,T001,trainer,Workout Zone,2025-10-20T18:09:53
351,T002,trainer,Workout Zone,2025-10-20T18:09:54
356,T002,trainer,Workout Zone,2025-10-20T18:09:55
358,T002,trainer,Workout Zone,2025-10-20T18:09:55
360,T002,trainer,Workout Zone,2025-10-20T18:09:56
363,T002,trainer,Workout Zone,2025-10-20T18:09:56
366,T002,trainer,Workout Zone,2025-10-20T18:09:57
408,T001,trainer,Workout Zone,2025-10-20T18:10:10
412,T001,trainer,Workout Zone,2025-10-20T18:10:11
413,T002,trainer,Workout Zone,2025-10-20T18:11:23
414,T002,trainer,Workout Zone,2025-10-20T18:11:23
415,T002,trainer,Workout Zone,2025-10-20T18:11:25
417,T002,trainer,Workout Zone,2025-10-20T18:11:26
419,T002,trainer,Workout Zone,2025-10-20T18:11:27
421,T002,trainer,Workout Zone,2025-10-20T18:11:28
423,T002,trainer,Workout Zone,2025-10-20T18:11:28
424,T001,trainer,Workout Zone,2025-10-20T18:11:28
426,T002,trainer,Workout Zone,2025-10-20T18:11:29
431,T002,trainer,Workout Zone,2025-10-20T18:11:30
433,T002,trainer,Workout Zone,2025-10-20T18:11:30
435,T002,trainer,Workout Zone,2025-10-20T18:11:31
438,T002,trainer,Workout Zone,2025-10-20T18:11:32
441,T002,trainer,Workout Zone,2025-10-20T18:11:32
483,T001,trainer,Workout Zone,2025-10-20T18:11:43
487,T001,trainer,Workout Zone,2025-10-20T18:11:44
488,T002,trainer,Workout Zone,2025-10-20T18:20:19
489,T002,trainer,Workout Zone,2025-10-20T18:20:19
490,T001,trainer,Workout Zone,2025-10-20T18:20:20
491,T002,trainer,Workout Zone,2025-10-20T18:20:20
492,T002,trainer,Workout Zone,2025-10-20T18:20:20
493,T001,trainer,Workout Zone,2025-10-20T18:20:20
494,T002,trainer,Workout Zone,2025-10-20T18:20:20
495,T002,trainer,Workout Zone,2025-10-20T18:20:21
496,p002,member,Workout Zone,2025-10-20T18:20:21
497,p002,member,Workout Zone,2025-10-20T18:20:21
498,T001,trainer,Workout Zone,2025-10-20T18:20:21
499,T002,trainer,Workout Zone,2025-10-20T18:20:22
500,T002,trainer,Workout Zone,2025-10-20T18:20:22
501,T002,trainer,Workout Zone,2025-10-20T18:20:22
502,T002,trainer,Workout Zone,2025-10-20T18:20:22
503,p002,member,Workout Zone,2025-10-20T18:20:23
504,T001,trainer,Workout Zone,2025-10-20T18:20:23
505,T002,trainer,Workout Zone,2025-10-20T18:20:23
506,T002,trainer,Workout Zone,2025-10-20T18:20:23
507,p003,member,Workout Zone,2025-10-20T18:20:24
508,p002,member,Workout Zone,2025-10-20T18:20:24
509,T002,trainer,Workout Zone,2025-10-20T18:20:24
510,p003,member,Workout Zone,2025-10-20T18:20:24
511,p002,member,Workout Zone,2025-10-20T18:20:25
512,T002,trainer,Workout Zone,2025-10-20T18:20:25
513,p003,member,Workout Zone,2025-10-20T18:20:25
514,p002,member,Workout Zone,2025-10-20T18:20:25
515,T001,trainer,Workout Zone,2025-10-20T18:20:26
516,p003,member,Workout Zone,2025-10-20T18:20:26
517,p002,member,Workout Zone,2025-10-20T18:20:26
518,p001,member,Workout Zone,2025-10-20T18:20:26
519,p003,member,Workout Zone,2025-10-20T18:20:26
520,p002,member,Workout Zone,2025-10-20T18:20:27
521,p003,member,Workout Zone,2025-10-20T18:20:27
522,p003,member,Workout Zone,2025-10-20T18:20:27
523,p003,member,Workout Zone,2025-10-20T18:20:27
524,p003,member,Workout Zone,2025-10-20T18:20:27
525,p002,member,Workout Zone,2025-10-20T18:20:28
526,p003,member,Workout Zone,2025-10-20T18:20:28
527,p002,member,Workout Zone,2025-10-20T18:20:28
528,p003,member,Workout Zone,2025-10-20T18:20:28
529,p002,member,Workout Zone,2025-10-20T18:20:28
530,p003,member,Workout Zone,2025-10-20T18:20:29
531,p003,member,Workout Zone,2025-10-20T18:20:29
532,p002,member,Workout Zone,2025-10-20T18:20:29
533,p003,member,Workout Zone,2025-10-20T18:20:29
534,p003,member,Workout Zone,2025-10-20T18:20:30
535,p002,member,Workout Zone,2025-10-20T18:20:30
536,p003,member,Workout Zone,2025-10-20T18:20:30
537,p003,member,Workout Zone,2025-10-20T18:20:31
538,p003,member,Workout Zone,2025-10-20T18:20:31
539,p003,member,Workout Zone,2025-10-20T18:20:31
540,p003,member,Workout Zone,2025-10-20T18:20:31
541,p003,member,Workout Zone,2025-10-20T18:20:32
542,p003,member,Workout Zone,2025-10-20T18:20:32
543,p003,member,Workout Zone,2025-10-20T18:20:32
544,p003,member,Workout Zone,2025-10-20T18:20:33
545,p003,member,Workout Zone,2025-10-20T18:20:33
546,p003,member,Workout Zone,2025-10-20T18:20:33
547,p003,member,Workout Zone,2025-10-20T18:20:33
548,p003,member,Workout Zone,2025-10-20T18:20:34
549,p003,member,Workout Zone,2025-10-20T18:20:34
550,p003,member,Workout Zone,2025-10-20T18:20:34
551,p003,member,Workout Zone,2025-10-20T18:20:35
552,p003,member,Workout Zone,2025-10-20T18:20:35
553,p003,member,Workout Zone,2025-10-20T18:20:35
554,p003,member,Workout Zone,2025-10-20T18:20:36
555,p003,member,Workout Zone,2025-10-20T18:20:36
556,p003,member,Workout Zone,2025-10-20T18:20:36
557,p003,member,Workout Zone,2025-10-20T18:20:37
558,p003,member,Workout Zone,2025-10-20T18:20:37
559,p003,member,Workout Zone,2025-10-20T18:20:37
560,p003,member,Workout Zone,2025-10-20T18:20:37
561,p003,member,Workout Zone,2025-10-20T18:20:38
562,p003,member,Workout Zone,2025-10-20T18:20:38
563,p003,member,Workout Zone,2025-10-20T18:20:38
564,p003,member,Workout Zone,2025-10-20T18:20:39
565,p003,member,Workout Zone,2025-10-20T18:20:39
566,p003,member,Workout Zone,2025-10-20T18:20:39
567,p003,member,Workout Zone,2025-10-20T18:20:39
568,p003,member,Workout Zone,2025-10-20T18:20:40
569,p003,member,Workout Zone,2025-10-20T18:20:40
570,p003,member,Workout Zone,2025-10-20T18:20:40
571,p003,member,Workout Zone,2025-10-20T18:20:42
572,p003,member,Workout Zone,2025-10-20T18:20:42
573,p003,member,Workout Zone,2025-10-20T18:20:42
574,p003,member,Workout Zone,2025-10-20T18:20:43
575,p003,member,Workout Zone,2025-10-20T18:20:43
576,p003,member,Workout Zone,2025-10-20T18:20:44
577,p001,member,Workout Zone,2025-10-20T18:20:44
578,p003,member,Workout Zone,2025-10-20T18:20:44
579,p003,member,Workout Zone,2025-10-20T18:20:45
580,p003,member,Workout Zone,2025-10-20T18:20:45
581,p001,member,Workout Zone,2025-10-20T18:20:45
582,T002,trainer,Workout Zone,2025-10-20T18:25:49
583,T002,trainer,Workout Zone,2025-10-20T18:25:50
584,T001,trainer,Workout Zone,2025-10-20T18:25:50
585,T002,trainer,Workout Zone,2025-10-20T18:25:50
586,T002,trainer,Workout Zone,2025-10-20T18:25:50
587,T001,trainer,Workout Zone,2025-10-20T18:25:50
588,T002,trainer,Workout Zone,2025-10-20T18:25:51
589,T002,trainer,Workout Zone,2025-10-20T18:25:51
590,p002,member,Workout Zone,2025-10-20T18:25:51
591,p002,member,Workout Zone,2025-10-20T18:25:51
592,T001,trainer,Workout Zone,2025-10-20T18:25:52
593,T002,trainer,Workout Zone,2025-10-20T18:25:52
594,T002,trainer,Workout Zone,2025-10-20T18:25:52
595,T002,trainer,Workout Zone,2025-10-20T18:25:52
596,T002,trainer,Workout Zone,2025-10-20T18:25:53
597,p002,member,Workout Zone,2025-10-20T18:25:53
598,T001,trainer,Workout Zone,2025-10-20T18:25:53
599,T002,trainer,Workout Zone,2025-10-20T18:25:53
600,T002,trainer,Workout Zone,2025-10-20T18:25:54
601,p003,member,Workout Zone,2025-10-20T18:25:54
602,p002,member,Workout Zone,2025-10-20T18:25:54
603,T002,trainer,Workout Zone,2025-10-20T18:25:54
604,p003,member,Workout Zone,2025-10-20T18:25:54
605,p002,member,Workout Zone,2025-10-20T18:25:55
606,T002,trainer,Workout Zone,2025-10-20T18:25:55
607,p003,member,Workout Zone,2025-10-20T18:25:55
608,p002,member,Workout Zone,2025-10-20T18:25:55
609,T001,trainer,Workout Zone,2025-10-20T18:25:56
610,p003,member,Workout Zone,2025-10-20T18:25:56
611,p002,member,Workout Zone,2025-10-20T18:25:56
612,p001,member,Workout Zone,2025-10-20T18:25:56
613,p003,member,Workout Zone,2025-10-20T18:25:56
614,p002,member,Workout Zone,2025-10-20T18:25:57
615,p003,member,Workout Zone,2025-10-20T18:25:57
616,p003,member,Workout Zone,2025-10-20T18:25:57
617,p003,member,Workout Zone,2025-10-20T18:25:57
618,p003,member,Workout Zone,2025-10-20T18:25:57
619,p002,member,Workout Zone,2025-10-20T18:25:58
620,p003,member,Workout Zone,2025-10-20T18:25:58
621,p002,member,Workout Zone,2025-10-20T18:25:58
622,p003,member,Workout Zone,2025-10-20T18:25:58
623,p002,member,Workout Zone,2025-10-20T18:25:58
624,p003,member,Workout Zone,2025-10-20T18:25:59
625,p003,member,Workout Zone,2025-10-20T18:25:59
626,p002,member,Workout Zone,2025-10-20T18:25:59
627,p003,member,Workout Zone,2025-10-20T18:25:59
628,p003,member,Workout Zone,2025-10-20T18:26:00
629,p002,member,Workout Zone,2025-10-20T18:26:00
630,p003,member,Workout Zone,2025-10-20T18:26:01
631,p003,member,Workout Zone,2025-10-20T18:26:01
632,p003,member,Workout Zone,2025-10-20T18:26:01
633,p003,member,Workout Zone,2025-10-20T18:26:02
634,p003,member,Workout Zone,2025-10-20T18:26:02
635,p003,member,Workout Zone,2025-10-20T18:26:02
636,p003,member,Workout Zone,2025-10-20T18:26:03
637,p003,member,Workout Zone,2025-10-20T18:26:03
638,p003,member,Workout Zone,2025-10-20T18:26:03
639,p003,member,Workout Zone,2025-10-20T18:26:04
640,p003,member,Workout Zone,2025-10-20T18:26:04
641,p003,member,Workout Zone,2025-10-20T18:26:04
642,p003,member,Workout Zone,2025-10-20T18:26:05
643,p003,member,Workout Zone,2025-10-20T18:26:05
644,p003,member,Workout Zone,2025-10-20T18:26:05
645,p003,member,Workout Zone,2025-10-20T18:26:05
646,p003,member,Workout Zone,2025-10-20T18:26:06
647,p003,member,Workout Zone,2025-10-20T18:26:06
648,p003,member,Workout Zone,2025-10-20T18:26:06
649,p003,member,Workout Zone,2025-10-20T18:26:07
650,p003,member,Workout Zone,2025-10-20T18:26:07
651,p003,member,Workout Zone,2025-10-20T18:26:07
652,p003,member,Workout Zone,2025-10-20T18:26:07
653,p003,member,Workout Zone,2025-10-20T18:26:08
654,p003,member,Workout Zone,2025-10-20T18:26:08
655,p003,member,Workout Zone,2025-10-20T18:26:08
656,p003,member,Workout Zone,2025-10-20T18:26:08
657,p003,member,Workout Zone,2025-10-20T18:26:09
658,p003,member,Workout Zone,2025-10-20T18:26:09
659,p003,member,Workout Zone,2025-10-20T18:26:09
660,p003,member,Workout Zone,2025-10-20T18:26:10
661,p003,member,Workout Zone,2025-10-20T18:26:10
662,p003,member,Workout Zone,2025-10-20T18:26:10
663,p003,member,Workout Zone,2025-10-20T18:26:10
664,p003,member,Workout Zone,2025-10-20T18:26:11
665,p003,member,Workout Zone,2025-10-20T18:26:12
666,p003,member,Workout Zone,2025-10-20T18:26:12
667,p003,member,Workout Zone,2025-10-20T18:26:12
668,p003,member,Workout Zone,2025-10-20T18:26:12
669,p003,member,Workout Zone,2025-10-20T18:26:13
670,p003,member,Workout Zone,2025-10-20T18:26:13
671,p001,member,Workout Zone,2025-10-20T18:26:13
672,p003,member,Workout Zone,2025-10-20T18:26:14
673,p003,member,Workout Zone,2025-10-20T18:26:14
674,p003,member,Workout Zone,2025-10-20T18:26:14
675,p001,member,Workout Zone,2025-10-20T18:26:14
676,T002,trainer,Workout Zone,2025-10-20T18:30:21
677,T002,trainer,Workout Zone,2025-10-20T18:30:21
678,T001,trainer,Workout Zone,2025-10-20T18:30:22
679,T002,trainer,Workout Zone,2025-10-20T18:30:22
680,T002,trainer,Workout Zone,2025-10-20T18:30:22
681,T001,trainer,Workout Zone,2025-10-20T18:30:23
682,T002,trainer,Workout Zone,2025-10-20T18:30:23
683,T002,trainer,Workout Zone,2025-10-20T18:30:23
684,p002,member,Workout Zone,2025-10-20T18:30:24
685,p002,member,Workout Zone,2025-10-20T18:30:24
686,T001,trainer,Workout Zone,2025-10-20T18:30:24
687,T002,trainer,Workout Zone,2025-10-20T18:30:25
688,T002,trainer,Workout Zone,2025-10-20T18:30:25
689,T002,trainer,Workout Zone,2025-10-20T18:30:26
690,T002,trainer,Workout Zone,2025-10-20T18:30:26
691,p002,member,Workout Zone,2025-10-20T18:30:26
692,T001,trainer,Workout Zone,2025-10-20T18:30:27
693,T002,trainer,Workout Zone,2025-10-20T18:30:27
694,T002,trainer,Workout Zone,2025-10-20T18:30:27
695,p003,member,Workout Zone,2025-10-20T18:30:28
696,p002,member,Workout Zone,2025-10-20T18:30:28
697,T002,trainer,Workout Zone,2025-10-20T18:30:28
698,p003,member,Workout Zone,2025-10-20T18:30:29
699,p002,member,Workout Zone,2025-10-20T18:30:29
700,T002,trainer,Workout Zone,2025-10-20T18:30:30
701,p003,member,Workout Zone,2025-10-20T18:30:30
702,p002,member,Workout Zone,2025-10-20T18:30:30
703,T001,trainer,Workout Zone,2025-10-20T18:30:31
704,p003,member,Workout Zone,2025-10-20T18:30:31
705,p002,member,Workout Zone,2025-10-20T18:30:31
706,p001,member,Workout Zone,2025-10-20T18:30:32
707,p003,member,Workout Zone,2025-10-20T18:30:32
708,p002,member,Workout Zone,2025-10-20T18:30:32
709,p003,member,Workout Zone,2025-10-20T18:30:33
710,p003,member,Workout Zone,2025-10-20T18:30:33
711,p003,member,Workout Zone,2025-10-20T18:30:33
712,p003,member,Workout Zone,2025-10-20T18:30:34
713,p002,member,Workout Zone,2025-10-20T18:30:34
714,p003,member,Workout Zone,2025-10-20T18:30:34
715,p002,member,Workout Zone,2025-10-20T18:30:35
716,p003,member,Workout Zone,2025-10-20T18:30:35
717,p002,member,Workout Zone,2025-10-20T18:30:35
718,p003,member,Workout Zone,2025-10-20T18:30:35
719,p003,member,Workout Zone,2025-10-20T18:30:36
720,p002,member,Workout Zone,2025-10-20T18:30:36
721,p003,member,Workout Zone,2025-10-20T18:30:37
722,p003,member,Workout Zone,2025-10-20T18:30:37
723,p002,member,Workout Zone,2025-10-20T18:30:38
724,p003,member,Workout Zone,2025-10-20T18:30:38
725,p003,member,Workout Zone,2025-10-20T18:30:39
726,p003,member,Workout Zone,2025-10-20T18:30:39
727,p003,member,Workout Zone,2025-10-20T18:30:40
728,p003,member,Workout Zone,2025-10-20T18:30:40
729,p003,member,Workout Zone,2025-10-20T18:30:40
730,p003,member,Workout Zone,2025-10-20T18:30:41
731,p003,member,Workout Zone,2025-10-20T18:30:42
732,p003,member,Workout Zone,2025-10-20T18:30:42
733,p003,member,Workout Zone,2025-10-20T18:30:42
734,p003,member,Workout Zone,2025-10-20T18:30:43
735,p003,member,Workout Zone,2025-10-20T18:30:43
736,p003,member,Workout Zone,2025-10-20T18:30:43
737,p003,member,Workout Zone,2025-10-20T18:30:44
738,p003,member,Workout Zone,2025-10-20T18:30:44
739,p003,member,Workout Zone,2025-10-20T18:30:44
740,p003,member,Workout Zone,2025-10-20T18:30:45
741,p003,member,Workout Zone,2025-10-20T18:30:45
742,p003,member,Workout Zone,2025-10-20T18:30:46
743,p003,member,Workout Zone,2025-10-20T18:30:46
744,p003,member,Workout Zone,2025-10-20T18:30:46
745,p003,member,Workout Zone,2025-10-20T18:30:47
746,p003,member,Workout Zone,2025-10-20T18:30:47
747,p003,member,Workout Zone,2025-10-20T18:30:48
748,p003,member,Workout Zone,2025-10-20T18:30:48
749,p003,member,Workout Zone,2025-10-20T18:30:48
750,p003,member,Workout Zone,2025-10-20T18:30:49
751,p003,member,Workout Zone,2025-10-20T18:30:49
752,p003,member,Workout Zone,2025-10-20T18:30:49
753,p003,member,Workout Zone,2025-10-20T18:30:50
754,p003,member,Workout Zone,2025-10-20T18:30:50
755,p003,member,Workout Zone,2025-10-20T18:30:51
756,p003,member,Workout Zone,2025-10-20T18:30:51
757,p003,member,Workout Zone,2025-10-20T18:30:51
758,p003,member,Workout Zone,2025-10-20T18:30:52
759,p003,member,Workout Zone,2025-10-20T18:30:53
760,p003,member,Workout Zone,2025-10-20T18:30:53
761,p003,member,Workout Zone,2025-10-20T18:30:54
762,p003,member,Workout Zone,2025-10-20T18:30:54
763,p003,member,Workout Zone,2025-10-20T18:30:54
764,p003,member,Workout Zone,2025-10-20T18:30:55
765,p001,member,Workout Zone,2025-10-20T18:30:55
766,p003,member,Workout Zone,2025-10-20T18:30:56
767,p003,member,Workout Zone,2025-10-20T18:30:56
768,p003,member,Workout Zone,2025-10-20T18:30:56
769,p001,member,Workout Zone,2025-10-20T18:30:57
770,T002,trainer,Workout Zone,2025-10-20T18:34:41
771,T002,trainer,Workout Zone,2025-10-20T18:34:42
772,T001,trainer,Workout Zone,2025-10-20T18:34:42
773,T002,trainer,Workout Zone,2025-10-20T18:34:43
774,T002,trainer,Workout Zone,2025-10-20T18:34:44
775,T001,trainer,Workout Zone,2025-10-20T18:34:45
776,T002,trainer,Workout Zone,2025-10-20T18:34:47
777,T002,trainer,Workout Zone,2025-10-20T18:34:48
778,p002,member,Workout Zone,2025-10-20T18:34:50
779,p002,member,Workout Zone,2025-10-20T18:34:50
780,T001,trainer,Workout Zone,2025-10-20T18:34:51
781,T002,trainer,Workout Zone,2025-10-20T18:34:53
782,T002,trainer,Workout Zone,2025-10-20T18:34:54
783,T002,trainer,Workout Zone,2025-10-20T18:34:56
784,T002,trainer,Workout Zone,2025-10-20T18:34:57
785,p002,member,Workout Zone,2025-10-20T18:34:58
786,T001,trainer,Workout Zone,2025-10-20T18:34:58
787,T002,trainer,Workout Zone,2025-10-20T18:34:59
788,T002,trainer,Workout Zone,2025-10-20T18:35:00
789,p003,member,Workout Zone,2025-10-20T18:35:00
790,p002,member,Workout Zone,2025-10-20T18:35:01
791,T002,trainer,Workout Zone,2025-10-20T18:35:01
792,p003,member,Workout Zone,2025-10-20T18:35:01
793,p002,member,Workout Zone,2025-10-20T18:35:02
794,T002,trainer,Workout Zone,2025-10-20T18:35:02
795,p003,member,Workout Zone,2025-10-20T18:35:02
796,p002,member,Workout Zone,2025-10-20T18:35:03
797,T001,trainer,Workout Zone,2025-10-20T18:35:03
798,p003,member,Workout Zone,2025-10-20T18:35:04
799,p002,member,Workout Zone,2025-10-20T18:35:04
800,p001,member,Workout Zone,2025-10-20T18:35:04
801,p003,member,Workout Zone,2025-10-20T18:35:05
802,p002,member,Workout Zone,2025-10-20T18:35:05
803,p003,member,Workout Zone,2025-10-20T18:35:05
804,p003,member,Workout Zone,2025-10-20T18:35:05
805,p003,member,Workout Zone,2025-10-20T18:35:06
806,p003,member,Workout Zone,2025-10-20T18:35:06
807,p002,member,Workout Zone,2025-10-20T18:35:06
808,p003,member,Workout Zone,2025-10-20T18:35:07
809,p002,member,Workout Zone,2025-10-20T18:35:07
810,p003,member,Workout Zone,2025-10-20T18:35:07
811,p002,member,Workout Zone,2025-10-20T18:35:08
812,p003,member,Workout Zone,2025-10-20T18:35:08
813,p003,member,Workout Zone,2025-10-20T18:35:08
814,p002,member,Workout Zone,2025-10-20T18:35:09
815,p003,member,Workout Zone,2025-10-20T18:35:09
816,p003,member,Workout Zone,2025-10-20T18:35:10
817,p002,member,Workout Zone,2025-10-20T18:35:10
818,p003,member,Workout Zone,2025-10-20T18:35:11
819,p003,member,Workout Zone,2025-10-20T18:35:11
820,p003,member,Workout Zone,2025-10-20T18:35:12
821,p003,member,Workout Zone,2025-10-20T18:35:12
822,p003,member,Workout Zone,2025-10-20T18:35:12
823,p003,member,Workout Zone,2025-10-20T18:35:13
824,p003,member,Workout Zone,2025-10-20T18:35:13
825,p003,member,Workout Zone,2025-10-20T18:35:14
826,p003,member,Workout Zone,2025-10-20T18:35:14
827,p003,member,Workout Zone,2025-10-20T18:35:14
828,p003,member,Workout Zone,2025-10-20T18:35:15
829,p003,member,Workout Zone,2025-10-20T18:35:15
830,p003,member,Workout Zone,2025-10-20T18:35:15
831,p003,member,Workout Zone,2025-10-20T18:35:16
832,p003,member,Workout Zone,2025-10-20T18:35:16
833,p003,member,Workout Zone,2025-10-20T18:35:16
834,p003,member,Workout Zone,2025-10-20T18:35:17
835,p003,member,Workout Zone,2025-10-20T18:35:17
836,p003,member,Workout Zone,2025-10-20T18:35:18
837,p003,member,Workout Zone,2025-10-20T18:35:18
838,p003,member,Workout Zone,2025-10-20T18:35:19
839,p003,member,Workout Zone,2025-10-20T18:35:19
840,p003,member,Workout Zone,2025-10-20T18:35:19
841,p003,member,Workout Zone,2025-10-20T18:35:20
842,p003,member,Workout Zone,2025-10-20T18:35:20
843,p003,member,Workout Zone,2025-10-20T18:35:21
844,p003,member,Workout Zone,2025-10-20T18:35:21
845,p003,member,Workout Zone,2025-10-20T18:35:21
846,p003,member,Workout Zone,2025-10-20T18:35:22
847,p003,member,Workout Zone,2025-10-20T18:35:22
848,p003,member,Workout Zone,2025-10-20T18:35:22
849,p003,member,Workout Zone,2025-10-20T18:35:23
850,p003,member,Workout Zone,2025-10-20T18:35:23
851,p003,member,Workout Zone,2025-10-20T18:35:24
852,p003,member,Workout Zone,2025-10-20T18:35:24
853,p003,member,Workout Zone,2025-10-20T18:35:25
854,p003,member,Workout Zone,2025-10-20T18:35:26
855,p003,member,Workout Zone,2025-10-20T18:35:26
856,p003,member,Workout Zone,2025-10-20T18:35:26
857,p003,member,Workout Zone,2025-10-20T18:35:27
858,p003,member,Workout Zone,2025-10-20T18:35:27
859,p001,member,Workout Zone,2025-10-20T18:35:28
860,p003,member,Workout Zone,2025-10-20T18:35:28
861,p003,member,Workout Zone,2025-10-20T18:35:28
862,p003,member,Workout Zone,2025-10-20T18:35:29
863,p001,member,Workout Zone,2025-10-20T18:35:29
864,T002,trainer,Workout Zone,2025-10-20T18:37:30
865,T002,trainer,Workout Zone,2025-10-20T18:37:31
866,T001,trainer,Workout Zone,2025-10-20T18:37:31
867,T002,trainer,Workout Zone,2025-10-20T18:37:31
868,T002,trainer,Workout Zone,2025-10-20T18:37:32
869,T001,trainer,Workout Zone,2025-10-20T18:37:32
870,T002,trainer,Workout Zone,2025-10-20T18:37:32
871,T002,trainer,Workout Zone,2025-10-20T18:37:33
872,p002,member,Workout Zone,2025-10-20T18:37:33
873,p002,member,Workout Zone,2025-10-20T18:37:33
874,T001,trainer,Workout Zone,2025-10-20T18:37:34
875,T002,trainer,Workout Zone,2025-10-20T18:37:34
876,T002,trainer,Workout Zone,2025-10-20T18:37:34
877,T002,trainer,Workout Zone,2025-10-20T18:37:35
878,T002,trainer,Workout Zone,2025-10-20T18:37:35
879,p002,member,Workout Zone,2025-10-20T18:37:36
880,T001,trainer,Workout Zone,2025-10-20T18:37:36
881,T002,trainer,Workout Zone,2025-10-20T18:37:36
882,T002,trainer,Workout Zone,2025-10-20T18:37:37
883,p003,member,Workout Zone,2025-10-20T18:37:37
884,p002,member,Workout Zone,2025-10-20T18:37:37
885,T002,trainer,Workout Zone,2025-10-20T18:37:38
886,p003,member,Workout Zone,2025-10-20T18:37:38
887,p002,member,Workout Zone,2025-10-20T18:37:38
888,T002,trainer,Workout Zone,2025-10-20T18:37:39
889,p003,member,Workout Zone,2025-10-20T18:37:39
890,p002,member,Workout Zone,2025-10-20T18:37:39
891,T001,trainer,Workout Zone,2025-10-20T18:37:40
892,p003,member,Workout Zone,2025-10-20T18:37:40
893,p002,member,Workout Zone,2025-10-20T18:37:40
894,p001,member,Workout Zone,2025-10-20T18:37:41
895,p003,member,Workout Zone,2025-10-20T18:37:41
896,p002,member,Workout Zone,2025-10-20T18:37:41
897,p003,member,Workout Zone,2025-10-20T18:37:41
898,p003,member,Workout Zone,2025-10-20T18:37:42
899,p003,member,Workout Zone,2025-10-20T18:37:42
900,p003,member,Workout Zone,2025-10-20T18:37:42
901,p002,member,Workout Zone,2025-10-20T18:37:43
902,p003,member,Workout Zone,2025-10-20T18:37:43
903,p002,member,Workout Zone,2025-10-20T18:37:43
904,p003,member,Workout Zone,2025-10-20T18:37:44
905,p002,member,Workout Zone,2025-10-20T18:37:44
906,p003,member,Workout Zone,2025-10-20T18:37:44
907,p003,member,Workout Zone,2025-10-20T18:37:44
908,p002,member,Workout Zone,2025-10-20T18:37:45
909,p003,member,Workout Zone,2025-10-20T18:37:45
910,p003,member,Workout Zone,2025-10-20T18:37:46
911,p002,member,Workout Zone,2025-10-20T18:37:47
912,p003,member,Workout Zone,2025-10-20T18:37:47
913,p003,member,Workout Zone,2025-10-20T18:37:47
914,p003,member,Workout Zone,2025-10-20T18:37:48
915,p003,member,Workout Zone,2025-10-20T18:37:48
916,p003,member,Workout Zone,2025-10-20T18:37:49
917,p003,member,Workout Zone,2025-10-20T18:37:49
918,p003,member,Workout Zone,2025-10-20T18:37:50
919,p003,member,Workout Zone,2025-10-20T18:37:50
920,p003,member,Workout Zone,2025-10-20T18:37:51
921,p003,member,Workout Zone,2025-10-20T18:37:51
922,p003,member,Workout Zone,2025-10-20T18:37:51
923,p003,member,Workout Zone,2025-10-20T18:37:52
924,p003,member,Workout Zone,2025-10-20T18:37:52
925,p003,member,Workout Zone,2025-10-20T18:37:52
926,p003,member,Workout Zone,2025-10-20T18:37:53
927,p003,member,Workout Zone,2025-10-20T18:37:53
928,p003,member,Workout Zone,2025-10-20T18:37:53
929,p003,member,Workout Zone,2025-10-20T18:37:54
930,p003,member,Workout Zone,2025-10-20T18:37:54
931,p003,member,Workout Zone,2025-10-20T18:37:54
932,p003,member,Workout Zone,2025-10-20T18:37:55
933,p003,member,Workout Zone,2025-10-20T18:37:55
934,p003,member,Workout Zone,2025-10-20T18:37:56
935,p003,member,Workout Zone,2025-10-20T18:37:56
936,p003,member,Workout Zone,2025-10-20T18:37:56
937,p003,member,Workout Zone,2025-10-20T18:37:57
938,p003,member,Workout Zone,2025-10-20T18:37:57
939,p003,member,Workout Zone,2025-10-20T18:37:58
940,p003,member,Workout Zone,2025-10-20T18:37:58
941,p003,member,Workout Zone,2025-10-20T18:37:58
942,p003,member,Workout Zone,2025-10-20T18:37:59
943,p003,member,Workout Zone,2025-10-20T18:37:59
944,p003,member,Workout Zone,2025-10-20T18:38:00
945,p003,member,Workout Zone,2025-10-20T18:38:00
946,p003,member,Workout Zone,2025-10-20T18:38:00
947,p003,member,Workout Zone,2025-10-20T18:38:02
948,p003,member,Workout Zone,2025-10-20T18:38:02
949,p003,member,Workout Zone,2025-10-20T18:38:02
950,p003,member,Workout Zone,2025-10-20T18:38:03
951,p003,member,Workout Zone,2025-10-20T18:38:03
952,p003,member,Workout Zone,2025-10-20T18:38:04
953,p001,member,Workout Zone,2025-10-20T18:38:04
954,p003,member,Workout Zone,2025-10-20T18:38:04
955,p003,member,Workout Zone,2025-10-20T18:38:05
956,p003,member,Workout Zone,2025-10-20T18:38:05
957,p001,member,Workout Zone,2025-10-20T18:38:05
