violation_id,trainer_id,member_id,violation_type,zone,timestamp,evidence_path
1,T001,M101,Unauthorized Session,Weight Zone,2025-10-16T11:49:49,
2,T002,M101,Unauthorized Session,Cardio Zone,2025-10-16T11:49:49,
3,T002,M102,Unauthorized Session,Cardio Zone,2025-10-16T11:49:49,
4,T002,M101,Unauthorized Session,Cardio Zone,2025-10-16T11:49:49,
5,T002,M102,Unauthorized Session,Cardio Zone,2025-10-16T11:49:49,
6,T001,M101,Unauthorized Session,Weight Zone,2025-10-16T11:49:49,
7,T002,M101,Unauthorized Session,Cardio Zone,2025-10-16T11:49:49,
8,T002,M102,Unauthorized Session,Cardio Zone,2025-10-16T11:49:49,
9,T002,M101,Unauthorized Session,Cardio Zone,2025-10-16T11:49:49,
10,T002,M102,Unauthorized Session,Cardio Zone,2025-10-16T11:49:49,
11,T001,M101,Unauthorized Session,Weight Zone,2025-10-17T14:08:20,
12,T002,M101,Unauthorized Session,Cardio Zone,2025-10-17T14:08:20,
13,T002,M102,Unauthorized Session,Cardio Zone,2025-10-17T14:08:20,
14,T002,M101,Unauthorized Session,Cardio Zone,2025-10-17T14:08:20,
15,T002,M102,Unauthorized Session,Cardio Zone,2025-10-17T14:08:20,
16,p002,plank,Detected Policy Violation,Workout Zone,2025-10-19T13:07:54.263768,
17,p002,plank,Detected Policy Violation,Workout Zone,2025-10-19T13:07:54.290584,
18,p002,plank,Detected Policy Violation,Workout Zone,2025-10-19T13:07:54.304104,
19,p002,plank,Detected Policy Violation,Workout Zone,2025-10-19T13:07:54.315206,
20,p002,plank,Detected Policy Violation,Workout Zone,2025-10-19T13:07:54.330541,
21,p002,plank,Detected Policy Violation,Workout Zone,2025-10-19T13:07:54.344248,
22,p002,plank,Detected Policy Violation,Workout Zone,2025-10-19T13:07:54.654494,
23,p002,plank,Detected Policy Violation,Workout Zone,2025-10-19T13:07:54.664495,
24,p002,plank,Detected Policy Violation,Workout Zone,2025-10-19T13:07:54.676430,
25,p002,plank,Detected Policy Violation,Workout Zone,2025-10-19T13:07:54.687441,
26,p002,plank,Detected Policy Violation,Workout Zone,2025-10-19T13:07:54.697902,
27,p002,plank,Detected Policy Violation,Workout Zone,2025-10-19T13:07:54.709166,
28,p002,plank,Detected Policy Violation,Workout Zone,2025-10-19T13:07:55.007203,
29,p002,plank,Detected Policy Violation,Workout Zone,2025-10-19T13:07:55.019228,
30,p002,plank,Detected Policy Violation,Workout Zone,2025-10-19T13:07:55.034298,
31,p002,plank,Detected Policy Violation,Workout Zone,2025-10-19T13:07:55.049572,
32,p002,plank,Detected Policy Violation,Workout Zone,2025-10-19T13:07:55.371440,
33,p002,plank,Detected Policy Violation,Workout Zone,2025-10-19T13:07:55.383228,
34,p002,plank,Detected Policy Violation,Workout Zone,2025-10-19T13:07:55.393978,
35,p002,plank,Detected Policy Violation,Workout Zone,2025-10-19T13:07:55.408261,
36,p002,plank,Detected Policy Violation,Workout Zone,2025-10-19T13:07:55.732327,
37,p002,plank,Detected Policy Violation,Workout Zone,2025-10-19T13:07:55.744826,
38,p002,plank,Detected Policy Violation,Workout Zone,2025-10-19T13:07:55.760070,
39,p002,plank,Detected Policy Violation,Workout Zone,2025-10-19T13:07:55.773925,
40,p002,plank,Detected Policy Violation,Workout Zone,2025-10-19T13:07:55.786034,
41,p002,plank,Detected Policy Violation,Workout Zone,2025-10-19T13:07:55.797269,
42,p002,plank,Detected Policy Violation,Workout Zone,2025-10-19T13:07:56.135231,
43,p002,plank,Detected Policy Violation,Workout Zone,2025-10-19T13:07:56.145649,
44,p002,plank,Detected Policy Violation,Workout Zone,2025-10-19T13:07:56.160359,
45,p002,plank,Detected Policy Violation,Workout Zone,2025-10-19T13:07:56.172866,
46,p002,plank,Detected Policy Violation,Workout Zone,2025-10-19T13:07:56.183847,
47,p002,plank,Detected Policy Violation,Workout Zone,2025-10-19T13:07:56.195002,
48,p002,plank,Detected Policy Violation,Workout Zone,2025-10-19T13:07:56.465577,
49,p002,plank,Detected Policy Violation,Workout Zone,2025-10-19T13:07:56.473349,
50,p002,plank,Detected Policy Violation,Workout Zone,2025-10-19T13:07:56.483387,
51,p002,plank,Detected Policy Violation,Workout Zone,2025-10-19T13:07:56.493576,
52,p002,plank,Detected Policy Violation,Workout Zone,2025-10-19T13:07:56.503589,
53,p002,plank,Detected Policy Violation,Workout Zone,2025-10-19T13:07:56.511527,
54,p002,plank,Detected Policy Violation,Workout Zone,2025-10-19T13:07:56.779445,
55,p002,plank,Detected Policy Violation,Workout Zone,2025-10-19T13:07:56.789644,
56,p002,plank,Detected Policy Violation,Workout Zone,2025-10-19T13:07:56.801001,
57,p002,plank,Detected Policy Violation,Workout Zone,2025-10-19T13:07:56.808998,
58,p002,plank,Detected Policy Violation,Workout Zone,2025-10-19T13:07:56.819810,
59,p002,plank,Detected Policy Violation,Workout Zone,2025-10-19T13:07:56.829499,
60,p002,plank,Detected Policy Violation,Workout Zone,2025-10-19T13:07:57.088893,
61,p002,plank,Detected Policy Violation,Workout Zone,2025-10-19T13:07:57.096854,
62,p002,plank,Detected Policy Violation,Workout Zone,2025-10-19T13:07:57.108674,
63,p002,plank,Detected Policy Violation,Workout Zone,2025-10-19T13:07:57.119913,
64,p002,plank,Detected Policy Violation,Workout Zone,2025-10-19T13:07:57.135758,
65,p002,plank,Detected Policy Violation,Workout Zone,2025-10-19T13:07:57.149850,
66,p002,plank,Detected Policy Violation,Workout Zone,2025-10-19T13:07:57.412515,
67,p002,plank,Detected Policy Violation,Workout Zone,2025-10-19T13:07:57.421429,
68,p002,plank,Detected Policy Violation,Workout Zone,2025-10-19T13:07:57.435479,
69,p002,plank,Detected Policy Violation,Workout Zone,2025-10-19T13:07:57.445026,
70,p002,plank,Detected Policy Violation,Workout Zone,2025-10-19T13:07:57.456159,
71,p002,plank,Detected Policy Violation,Workout Zone,2025-10-19T13:07:57.466573,
72,p002,pushups,Detected Policy Violation,Workout Zone,2025-10-19T13:07:58.436230,
73,p002,pushups,Detected Policy Violation,Workout Zone,2025-10-19T13:07:58.444110,
74,p002,pushups,Detected Policy Violation,Workout Zone,2025-10-19T13:07:58.456547,
75,p002,pushups,Detected Policy Violation,Workout Zone,2025-10-19T13:07:58.731418,
76,p002,pushups,Detected Policy Violation,Workout Zone,2025-10-19T13:07:58.738691,
77,p002,pushups,Detected Policy Violation,Workout Zone,2025-10-19T13:07:58.752541,
78,p002,pushups,Detected Policy Violation,Workout Zone,2025-10-19T13:07:58.761754,
79,p002,pushups,Detected Policy Violation,Workout Zone,2025-10-19T13:07:58.772088,
80,p002,pushups,Detected Policy Violation,Workout Zone,2025-10-19T13:07:59.031930,
81,p002,pushups,Detected Policy Violation,Workout Zone,2025-10-19T13:07:59.040906,
82,p002,pushups,Detected Policy Violation,Workout Zone,2025-10-19T13:07:59.053499,
83,p002,pushups,Detected Policy Violation,Workout Zone,2025-10-19T13:07:59.312070,
84,p002,pushups,Detected Policy Violation,Workout Zone,2025-10-19T13:07:59.321218,
85,p002,pushups,Detected Policy Violation,Workout Zone,2025-10-19T13:07:59.331599,
86,p002,pushups,Detected Policy Violation,Workout Zone,2025-10-19T13:07:59.341666,
87,p002,plank,Detected Policy Violation,Workout Zone,2025-10-19T13:29:08.271436,
88,p002,plank,Detected Policy Violation,Workout Zone,2025-10-19T13:29:08.325648,
89,p002,plank,Detected Policy Violation,Workout Zone,2025-10-19T13:29:08.345441,
90,p002,plank,Detected Policy Violation,Workout Zone,2025-10-19T13:29:08.366597,
91,p002,plank,Detected Policy Violation,Workout Zone,2025-10-19T13:29:08.393242,
92,p002,plank,Detected Policy Violation,Workout Zone,2025-10-19T13:29:08.413106,
93,p002,plank,Detected Policy Violation,Workout Zone,2025-10-19T13:29:09.173342,
94,p002,plank,Detected Policy Violation,Workout Zone,2025-10-19T13:29:09.201925,
95,p002,plank,Detected Policy Violation,Workout Zone,2025-10-19T13:29:09.245401,
96,p002,plank,Detected Policy Violation,Workout Zone,2025-10-19T13:29:09.292897,
97,p002,plank,Detected Policy Violation,Workout Zone,2025-10-19T13:29:09.328550,
98,p002,plank,Detected Policy Violation,Workout Zone,2025-10-19T13:29:09.360855,
99,p002,plank,Detected Policy Violation,Workout Zone,2025-10-19T13:29:09.976904,
100,p002,plank,Detected Policy Violation,Workout Zone,2025-10-19T13:29:09.992594,
101,p002,plank,Detected Policy Violation,Workout Zone,2025-10-19T13:29:10.011718,
102,p002,plank,Detected Policy Violation,Workout Zone,2025-10-19T13:29:10.028429,
103,p002,plank,Detected Policy Violation,Workout Zone,2025-10-19T13:29:10.546804,
104,p002,plank,Detected Policy Violation,Workout Zone,2025-10-19T13:29:10.562247,
105,p002,plank,Detected Policy Violation,Workout Zone,2025-10-19T13:29:10.583229,
106,p002,plank,Detected Policy Violation,Workout Zone,2025-10-19T13:29:10.601251,
107,p002,plank,Detected Policy Violation,Workout Zone,2025-10-19T13:29:11.127292,
108,p002,plank,Detected Policy Violation,Workout Zone,2025-10-19T13:29:11.144685,
109,p002,plank,Detected Policy Violation,Workout Zone,2025-10-19T13:29:11.162212,
110,p002,plank,Detected Policy Violation,Workout Zone,2025-10-19T13:29:11.178794,
111,p002,plank,Detected Policy Violation,Workout Zone,2025-10-19T13:29:11.196700,
112,p002,plank,Detected Policy Violation,Workout Zone,2025-10-19T13:29:11.216054,
113,p002,plank,Detected Policy Violation,Workout Zone,2025-10-19T13:29:11.758047,
114,p002,plank,Detected Policy Violation,Workout Zone,2025-10-19T13:29:11.772744,
115,p002,plank,Detected Policy Violation,Workout Zone,2025-10-19T13:29:11.790727,
116,p002,plank,Detected Policy Violation,Workout Zone,2025-10-19T13:29:11.812390,
117,p002,plank,Detected Policy Violation,Workout Zone,2025-10-19T13:29:11.830465,
118,p002,plank,Detected Policy Violation,Workout Zone,2025-10-19T13:29:11.848669,
119,p002,plank,Detected Policy Violation,Workout Zone,2025-10-19T13:29:12.374859,
120,p002,plank,Detected Policy Violation,Workout Zone,2025-10-19T13:29:12.390352,
121,p002,plank,Detected Policy Violation,Workout Zone,2025-10-19T13:29:12.406581,
122,p002,plank,Detected Policy Violation,Workout Zone,2025-10-19T13:29:12.428019,
123,p002,plank,Detected Policy Violation,Workout Zone,2025-10-19T13:29:12.444767,
124,p002,plank,Detected Policy Violation,Workout Zone,2025-10-19T13:29:12.461108,
125,p002,plank,Detected Policy Violation,Workout Zone,2025-10-19T13:29:12.972533,
126,p002,plank,Detected Policy Violation,Workout Zone,2025-10-19T13:29:13.018098,
127,p002,plank,Detected Policy Violation,Workout Zone,2025-10-19T13:29:13.069960,
128,p002,plank,Detected Policy Violation,Workout Zone,2025-10-19T13:29:13.085840,
129,p002,plank,Detected Policy Violation,Workout Zone,2025-10-19T13:29:13.105808,
130,p002,plank,Detected Policy Violation,Workout Zone,2025-10-19T13:29:13.121563,
131,p002,plank,Detected Policy Violation,Workout Zone,2025-10-19T13:29:13.622845,
132,p002,plank,Detected Policy Violation,Workout Zone,2025-10-19T13:29:13.639599,
133,p002,plank,Detected Policy Violation,Workout Zone,2025-10-19T13:29:13.659973,
134,p002,plank,Detected Policy Violation,Workout Zone,2025-10-19T13:29:13.683589,
135,p002,plank,Detected Policy Violation,Workout Zone,2025-10-19T13:29:13.702131,
136,p002,plank,Detected Policy Violation,Workout Zone,2025-10-19T13:29:13.722145,
137,p002,plank,Detected Policy Violation,Workout Zone,2025-10-19T13:29:14.239695,
138,p002,plank,Detected Policy Violation,Workout Zone,2025-10-19T13:29:14.254146,
139,p002,plank,Detected Policy Violation,Workout Zone,2025-10-19T13:29:14.270533,
140,p002,plank,Detected Policy Violation,Workout Zone,2025-10-19T13:29:14.287891,
141,p002,plank,Detected Policy Violation,Workout Zone,2025-10-19T13:29:14.309628,
142,p002,plank,Detected Policy Violation,Workout Zone,2025-10-19T13:29:14.323566,
143,p002,pushups,Detected Policy Violation,Workout Zone,2025-10-19T13:29:16.464926,
144,p002,pushups,Detected Policy Violation,Workout Zone,2025-10-19T13:29:16.528003,
145,p002,pushups,Detected Policy Violation,Workout Zone,2025-10-19T13:29:16.561391,
146,p002,pushups,Detected Policy Violation,Workout Zone,2025-10-19T13:29:17.061115,
147,p002,pushups,Detected Policy Violation,Workout Zone,2025-10-19T13:29:17.086886,
148,p002,pushups,Detected Policy Violation,Workout Zone,2025-10-19T13:29:17.141859,
149,p002,pushups,Detected Policy Violation,Workout Zone,2025-10-19T13:29:17.184258,
150,p002,pushups,Detected Policy Violation,Workout Zone,2025-10-19T13:29:17.238739,
151,p002,pushups,Detected Policy Violation,Workout Zone,2025-10-19T13:29:17.826505,
152,p002,pushups,Detected Policy Violation,Workout Zone,2025-10-19T13:29:17.839259,
153,p002,pushups,Detected Policy Violation,Workout Zone,2025-10-19T13:29:17.856976,
154,p002,pushups,Detected Policy Violation,Workout Zone,2025-10-19T13:29:18.396061,
155,p002,pushups,Detected Policy Violation,Workout Zone,2025-10-19T13:29:18.410713,
156,p002,pushups,Detected Policy Violation,Workout Zone,2025-10-19T13:29:18.430830,
157,p002,pushups,Detected Policy Violation,Workout Zone,2025-10-19T13:29:18.461955,
158,p001,plank,Detected Policy Violation,Workout Zone,2025-10-19T13:57:30.123882,
159,p001,plank,Detected Policy Violation,Workout Zone,2025-10-19T13:57:30.166499,
160,p001,plank,Detected Policy Violation,Workout Zone,2025-10-19T13:57:31.490302,
161,p001,plank,Detected Policy Violation,Workout Zone,2025-10-19T13:57:31.532657,
162,p001,plank,Detected Policy Violation,Workout Zone,2025-10-19T13:57:32.530996,
163,p001,plank,Detected Policy Violation,Workout Zone,2025-10-19T13:57:32.546174,
164,p001,pushups,Detected Policy Violation,Workout Zone,2025-10-19T13:57:33.087092,
165,p003,pushups,Detected Policy Violation,Workout Zone,2025-10-19T13:57:33.106002,
166,p001,pushups,Detected Policy Violation,Workout Zone,2025-10-19T13:57:33.813806,
167,p001,pushups,Detected Policy Violation,Workout Zone,2025-10-19T13:57:33.841530,
168,p003,pushups,Detected Policy Violation,Workout Zone,2025-10-19T13:57:33.877859,
169,p003,pushups,Detected Policy Violation,Workout Zone,2025-10-19T13:57:33.909173,
170,p003,pushups,Detected Policy Violation,Workout Zone,2025-10-19T13:57:33.941104,
171,p003,pushups,Detected Policy Violation,Workout Zone,2025-10-19T13:57:33.964534,
172,p001,pushups,Detected Policy Violation,Workout Zone,2025-10-19T13:57:34.660231,
173,p001,pushups,Detected Policy Violation,Workout Zone,2025-10-19T13:57:34.683228,
174,p003,pushups,Detected Policy Violation,Workout Zone,2025-10-19T13:57:34.706880,
175,p003,pushups,Detected Policy Violation,Workout Zone,2025-10-19T13:57:34.725636,
176,p001,pushups,Detected Policy Violation,Workout Zone,2025-10-19T13:57:35.484608,
177,p003,pushups,Detected Policy Violation,Workout Zone,2025-10-19T13:57:35.502151,
178,p001,pushups,Detected Policy Violation,Workout Zone,2025-10-19T13:57:35.958448,
179,p003,pushups,Detected Policy Violation,Workout Zone,2025-10-19T13:57:35.978854,
180,p001,plank,Detected Policy Violation,Workout Zone,2025-10-19T13:57:44.300212,
181,p001,plank,Detected Policy Violation,Workout Zone,2025-10-19T13:57:53.328511,
182,p001,plank,Detected Policy Violation,Workout Zone,2025-10-19T13:57:54.662251,
183,p001,plank,Detected Policy Violation,Workout Zone,2025-10-19T13:57:55.140252,
184,p001,plank,Detected Policy Violation,Workout Zone,2025-10-19T13:57:55.902963,
185,T001,p002,Unauthorized Activity,Workout Zone,2025-10-20T18:20:21,
186,T001,p002,Unauthorized Activity,Workout Zone,2025-10-20T18:20:23,
187,T002,p002,Unauthorized Activity,Workout Zone,2025-10-20T18:20:23,
188,T002,p003,Unauthorized Activity,Workout Zone,2025-10-20T18:20:24,
189,T002,p002,Unauthorized Activity,Workout Zone,2025-10-20T18:20:24,
190,T002,p003,Unauthorized Activity,Workout Zone,2025-10-20T18:20:24,
191,T002,p002,Unauthorized Activity,Workout Zone,2025-10-20T18:20:25,
192,T002,p003,Unauthorized Activity,Workout Zone,2025-10-20T18:20:25,
193,T001,p002,Unauthorized Activity,Workout Zone,2025-10-20T18:20:26,
194,T001,p003,Unauthorized Activity,Workout Zone,2025-10-20T18:20:26,
195,T001,p002,Unauthorized Activity,Workout Zone,2025-10-20T18:25:52,
196,T001,p002,Unauthorized Activity,Workout Zone,2025-10-20T18:25:53,
197,T002,p002,Unauthorized Activity,Workout Zone,2025-10-20T18:25:53,
198,T002,p003,Unauthorized Activity,Workout Zone,2025-10-20T18:25:54,
199,T002,p002,Unauthorized Activity,Workout Zone,2025-10-20T18:25:54,
200,T002,p003,Unauthorized Activity,Workout Zone,2025-10-20T18:25:54,
201,T002,p002,Unauthorized Activity,Workout Zone,2025-10-20T18:25:55,
202,T002,p003,Unauthorized Activity,Workout Zone,2025-10-20T18:25:55,
203,T001,p002,Unauthorized Activity,Workout Zone,2025-10-20T18:25:56,
204,T001,p003,Unauthorized Activity,Workout Zone,2025-10-20T18:25:56,
205,T001,p002,Unauthorized Activity,Workout Zone,2025-10-20T18:30:24,
206,T001,p002,Unauthorized Activity,Workout Zone,2025-10-20T18:30:27,
207,T002,p002,Unauthorized Activity,Workout Zone,2025-10-20T18:30:27,
208,T002,p003,Unauthorized Activity,Workout Zone,2025-10-20T18:30:28,
209,T002,p002,Unauthorized Activity,Workout Zone,2025-10-20T18:30:29,
210,T002,p003,Unauthorized Activity,Workout Zone,2025-10-20T18:30:29,
211,T002,p002,Unauthorized Activity,Workout Zone,2025-10-20T18:30:30,
212,T002,p003,Unauthorized Activity,Workout Zone,2025-10-20T18:30:30,
213,T001,p002,Unauthorized Activity,Workout Zone,2025-10-20T18:30:31,
214,T001,p003,Unauthorized Activity,Workout Zone,2025-10-20T18:30:31,
215,T001,p002,Unauthorized Activity,Workout Zone,2025-10-20T18:34:51,
216,T001,p002,Unauthorized Activity,Workout Zone,2025-10-20T18:34:59,
217,T002,p002,Unauthorized Activity,Workout Zone,2025-10-20T18:34:59,
218,T002,p003,Unauthorized Activity,Workout Zone,2025-10-20T18:35:00,
219,T002,p002,Unauthorized Activity,Workout Zone,2025-10-20T18:35:01,
220,T002,p003,Unauthorized Activity,Workout Zone,2025-10-20T18:35:01,
221,T002,p002,Unauthorized Activity,Workout Zone,2025-10-20T18:35:02,
222,T002,p003,Unauthorized Activity,Workout Zone,2025-10-20T18:35:02,
223,T001,p002,Unauthorized Activity,Workout Zone,2025-10-20T18:35:04,
224,T001,p003,Unauthorized Activity,Workout Zone,2025-10-20T18:35:04,
225,T001,p002,Unauthorized Activity,Workout Zone,2025-10-20T18:37:34,
226,T001,p002,Unauthorized Activity,Workout Zone,2025-10-20T18:37:36,
227,T002,p002,Unauthorized Activity,Workout Zone,2025-10-20T18:37:36,
228,T002,p003,Unauthorized Activity,Workout Zone,2025-10-20T18:37:37,
229,T002,p002,Unauthorized Activity,Workout Zone,2025-10-20T18:37:38,
230,T002,p003,Unauthorized Activity,Workout Zone,2025-10-20T18:37:38,
231,T002,p002,Unauthorized Activity,Workout Zone,2025-10-20T18:37:39,
232,T002,p003,Unauthorized Activity,Workout Zone,2025-10-20T18:37:39,
233,T001,p002,Unauthorized Activity,Workout Zone,2025-10-20T18:37:40,
234,T001,p003,Unauthorized Activity,Workout Zone,2025-10-20T18:37:40,
